<?xml version="1.0" encoding="UTF-8"?>
<project-private xmlns="http://www.netbeans.org/ns/project-private/1">
    <data xmlns="http://www.netbeans.org/ns/make-project-private/1">
        <activeConfTypeElem>1</activeConfTypeElem>
        <activeConfIndexElem>0</activeConfIndexElem>
    </data>
    <editor-bookmarks xmlns="http://www.netbeans.org/ns/editor-bookmarks/2" lastBookmarkId="0"/>
    <open-files xmlns="http://www.netbeans.org/ns/projectui-open-files/2">
        <group>
            <file>file:/C:/Users/Mathew/Documents/NetBeansProjects/CSC%2017a%20-%20Assignment%203/main.cpp</file>
            <file>file:/C:/Users/Mathew/Documents/NetBeansProjects/CSC%2017a%20-%20Assignment%203/speakerBureau.h</file>
            <file>file:/C:/Users/Mathew/Documents/NetBeansProjects/CSC%2017a%20-%20Assignment%203/softDrinks.h</file>
            <file>file:/C:/Users/Mathew/Documents/NetBeansProjects/CSC%2017a%20-%20Assignment%203/movieData.h</file>
            <file>file:/C:/Users/Mathew/Documents/NetBeansProjects/CSC%2017a%20-%20Assignment%203/company.h</file>
        </group>
    </open-files>
</project-private>
