<?xml version="1.0" encoding="UTF-8"?>
<project-private xmlns="http://www.netbeans.org/ns/project-private/1">
    <data xmlns="http://www.netbeans.org/ns/make-project-private/1">
        <activeConfTypeElem>1</activeConfTypeElem>
        <activeConfIndexElem>0</activeConfIndexElem>
    </data>
    <editor-bookmarks xmlns="http://www.netbeans.org/ns/editor-bookmarks/2" lastBookmarkId="0"/>
    <open-files xmlns="http://www.netbeans.org/ns/projectui-open-files/2">
        <group>
            <file>file:/C:/Users/Mathew/Documents/NetBeansProjects/CSC%2017a%20-%20Ch%2015/main.cpp</file>
            <file>file:/C:/Users/Mathew/Documents/NetBeansProjects/CSC%2017a%20-%20Ch%2015/TimeClock.cpp</file>
            <file>file:/C:/Users/Mathew/Documents/NetBeansProjects/CSC%2017a%20-%20Ch%2015/TeamLeader.cpp</file>
            <file>file:/C:/Users/Mathew/Documents/NetBeansProjects/CSC%2017a%20-%20Ch%2015/ShiftSupervisor.cpp</file>
            <file>file:/C:/Users/Mathew/Documents/NetBeansProjects/CSC%2017a%20-%20Ch%2015/ProductionWorker.cpp</file>
            <file>file:/C:/Users/Mathew/Documents/NetBeansProjects/CSC%2017a%20-%20Ch%2015/MilTime.cpp</file>
            <file>file:/C:/Users/Mathew/Documents/NetBeansProjects/CSC%2017a%20-%20Ch%2015/Employee.cpp</file>
            <file>file:/C:/Users/Mathew/Documents/NetBeansProjects/CSC%2017a%20-%20Ch%2015/TimeClock.h</file>
            <file>file:/C:/Users/Mathew/Documents/NetBeansProjects/CSC%2017a%20-%20Ch%2015/Time.h</file>
            <file>file:/C:/Users/Mathew/Documents/NetBeansProjects/CSC%2017a%20-%20Ch%2015/TeamLeader.h</file>
            <file>file:/C:/Users/Mathew/Documents/NetBeansProjects/CSC%2017a%20-%20Ch%2015/ShiftSupervisor.h</file>
            <file>file:/C:/Users/Mathew/Documents/NetBeansProjects/CSC%2017a%20-%20Ch%2015/ProductionWorker.h</file>
            <file>file:/C:/Users/Mathew/Documents/NetBeansProjects/CSC%2017a%20-%20Ch%2015/MilTime.h</file>
            <file>file:/C:/Users/Mathew/Documents/NetBeansProjects/CSC%2017a%20-%20Ch%2015/Employee.h</file>
        </group>
    </open-files>
</project-private>
